date,release,file,downloads
2026-10-01,v1.0.0,AIXM-Code-Converter.html,1
2026-10-01,v1.0.0,AIXM-Code-Converter.zip,0
2026-10-02,v1.0.0,AIXM-Code-Converter.html,1
2026-10-02,v1.0.0,AIXM-Code-Converter.zip,0
2026-10-02,v1.1.0,AIXM-Code-Converter.html,2
2026-10-02,v1.1.0,AIXM-Code-Converter.zip,0
2026-10-02,v1.2.0,AIXM-Code-Converter.html,22
2026-10-02,v1.2.0,AIXM-Code-Converter.zip,0
2026-10-03,v1.0.0,AIXM-Code-Converter.html,1
2026-10-03,v1.0.0,AIXM-Code-Converter.zip,0
2026-10-03,v1.1.0,AIXM-Code-Converter.html,2
2026-10-03,v1.1.0,AIXM-Code-Converter.zip,0
2026-10-03,v1.2.0,AIXM-Code-Converter.html,26
2026-10-03,v1.2.0,AIXM-Code-Converter.zip,0
2026-10-03,v1.2.1,AIXM-Code-Converter.html,2
2026-10-03,v1.2.1,AIXM-Code-Converter.zip,0
2026-10-04,v1.0.0,AIXM-Code-Converter.html,1
2026-10-04,v1.0.0,AIXM-Code-Converter.zip,0
2026-10-04,v1.1.0,AIXM-Code-Converter.html,2
2026-10-04,v1.1.0,AIXM-Code-Converter.zip,0
2026-10-04,v1.2.0,AIXM-Code-Converter.html,26
2026-10-04,v1.2.0,AIXM-Code-Converter.zip,0
2026-10-04,v1.2.1,AIXM-Code-Converter.html,2
2026-10-04,v1.2.1,AIXM-Code-Converter.zip,0
2026-10-04,v1.3.0,AIXM-Code-Converter.html,0
2026-10-04,v1.3.0,AIXM-Code-Converter.zip,0
2026-10-04,v1.3.0,SHA256SUMS.txt,0
2026-10-04,v1.3.1,AIXM-Code-Converter.html,0
2026-10-04,v1.3.1,AIXM-Code-Converter.zip,0
2026-10-04,v1.3.1,SHA256SUMS.txt,0
2026-10-04,v1.4.0,AIXM-Code-Converter.html,0
2026-10-04,v1.4.0,AIXM-Code-Converter.zip,0
2026-10-04,v1.4.0,SHA256SUMS.txt,0
2026-10-04,v1.4.1,AIXM-Code-Converter.html,0
2026-10-04,v1.4.1,AIXM-Code-Converter.zip,0
2026-10-04,v1.4.1,SHA256SUMS.txt,0
2026-10-05,v1.0.0,AIXM-Code-Converter.html,1
2026-10-05,v1.0.0,AIXM-Code-Converter.zip,0
2026-10-05,v1.1.0,AIXM-Code-Converter.html,2
2026-10-05,v1.1.0,AIXM-Code-Converter.zip,0
2026-10-05,v1.2.0,AIXM-Code-Converter.html,26
2026-10-05,v1.2.0,AIXM-Code-Converter.zip,0
2026-10-05,v1.2.1,AIXM-Code-Converter.html,2
2026-10-05,v1.2.1,AIXM-Code-Converter.zip,0
2026-10-05,v1.3.0,AIXM-Code-Converter.html,0
2026-10-05,v1.3.0,AIXM-Code-Converter.zip,0
2026-10-05,v1.3.0,SHA256SUMS.txt,0
2026-10-05,v1.3.1,AIXM-Code-Converter.html,0
2026-10-05,v1.3.1,AIXM-Code-Converter.zip,0
2026-10-05,v1.3.1,SHA256SUMS.txt,0
2026-10-05,v1.4.0,AIXM-Code-Converter.html,0
2026-10-05,v1.4.0,AIXM-Code-Converter.zip,0
2026-10-05,v1.4.0,SHA256SUMS.txt,0
2026-10-05,v1.4.1,AIXM-Code-Converter.html,3
2026-10-05,v1.4.1,AIXM-Code-Converter.zip,0
2026-10-05,v1.4.1,SHA256SUMS.txt,0
2026-10-05,v1.5.0,AIXM-Code-Converter.html,0
2026-10-05,v1.5.0,AIXM-Code-Converter.zip,0
2026-10-05,v1.5.0,SHA256SUMS.txt,0
2026-10-05,v1.6.0,AIXM-Code-Converter.html,1
2026-10-05,v1.6.0,AIXM-Code-Converter.zip,1
2026-10-05,v1.6.0,SHA256SUMS.txt,1
2026-10-05,v1.7.0,AIXM-Code-Converter.html,10
2026-10-05,v1.7.0,AIXM-Code-Converter.zip,1
2026-10-05,v1.7.0,SHA256SUMS.txt,1
2026-10-06,v1.0.0,AIXM-Code-Converter.html,1
2026-10-06,v1.0.0,AIXM-Code-Converter.zip,0
2026-10-06,v1.1.0,AIXM-Code-Converter.html,2
2026-10-06,v1.1.0,AIXM-Code-Converter.zip,0
2026-10-06,v1.10.0,AIXM-Code-Converter.html,1
2026-10-06,v1.10.0,AIXM-Code-Converter.zip,1
2026-10-06,v1.10.0,SHA256SUMS.txt,1
2026-10-06,v1.11.0,AIXM-Code-Converter.html,1
2026-10-06,v1.11.0,AIXM-Code-Converter.zip,1
2026-10-06,v1.11.0,SHA256SUMS.txt,1
2026-10-06,v1.12.0,AIXM-Code-Converter.html,1
2026-10-06,v1.12.0,AIXM-Code-Converter.zip,1
2026-10-06,v1.12.0,SHA256SUMS.txt,1
2026-10-06,v1.12.1,AIXM-Code-Converter.html,1
2026-10-06,v1.12.1,AIXM-Code-Converter.zip,1
2026-10-06,v1.12.1,SHA256SUMS.txt,1
2026-10-06,v1.13.0,AIXM-Code-Converter.html,2
2026-10-06,v1.13.0,AIXM-Code-Converter.zip,2
2026-10-06,v1.13.0,SHA256SUMS.txt,2
2026-10-06,v1.14.0,AIXM-Code-Converter.html,1
2026-10-06,v1.14.0,AIXM-Code-Converter.zip,0
2026-10-06,v1.14.0,SHA256SUMS.txt,1
2026-10-06,v1.16.0,AIXM-Code-Converter.html,1
2026-10-06,v1.16.0,AIXM-Code-Converter.zip,1
2026-10-06,v1.16.0,SHA256SUMS.txt,1
2026-10-06,v1.18.0,AIXM-Code-Converter.html,1
2026-10-06,v1.18.0,AIXM-Code-Converter.zip,1
2026-10-06,v1.18.0,SHA256SUMS.txt,1
2026-10-06,v1.18.1,AIXM-Code-Converter.html,0
2026-10-06,v1.18.1,AIXM-Code-Converter.zip,0
2026-10-06,v1.18.1,SHA256SUMS.txt,0
2026-10-06,v1.2.0,AIXM-Code-Converter.html,26
2026-10-06,v1.2.0,AIXM-Code-Converter.zip,0
2026-10-06,v1.2.1,AIXM-Code-Converter.html,2
2026-10-06,v1.2.1,AIXM-Code-Converter.zip,0
2026-10-06,v1.3.0,AIXM-Code-Converter.html,0
2026-10-06,v1.3.0,AIXM-Code-Converter.zip,0
2026-10-06,v1.3.0,SHA256SUMS.txt,0
2026-10-06,v1.3.1,AIXM-Code-Converter.html,0
2026-10-06,v1.3.1,AIXM-Code-Converter.zip,0
2026-10-06,v1.3.1,SHA256SUMS.txt,0
2026-10-06,v1.4.0,AIXM-Code-Converter.html,0
2026-10-06,v1.4.0,AIXM-Code-Converter.zip,0
2026-10-06,v1.4.0,SHA256SUMS.txt,0
2026-10-06,v1.4.1,AIXM-Code-Converter.html,3
2026-10-06,v1.4.1,AIXM-Code-Converter.zip,0
2026-10-06,v1.4.1,SHA256SUMS.txt,0
2026-10-06,v1.5.0,AIXM-Code-Converter.html,0
2026-10-06,v1.5.0,AIXM-Code-Converter.zip,0
2026-10-06,v1.5.0,SHA256SUMS.txt,0
2026-10-06,v1.6.0,AIXM-Code-Converter.html,1
2026-10-06,v1.6.0,AIXM-Code-Converter.zip,1
2026-10-06,v1.6.0,SHA256SUMS.txt,1
2026-10-06,v1.7.0,AIXM-Code-Converter.html,11
2026-10-06,v1.7.0,AIXM-Code-Converter.zip,1
2026-10-06,v1.7.0,SHA256SUMS.txt,1
2026-10-06,v1.7.1,AIXM-Code-Converter.html,1
2026-10-06,v1.7.1,AIXM-Code-Converter.zip,1
2026-10-06,v1.7.1,SHA256SUMS.txt,1
2026-10-06,v1.8.0,AIXM-Code-Converter.html,1
2026-10-06,v1.8.0,AIXM-Code-Converter.zip,1
2026-10-06,v1.8.0,SHA256SUMS.txt,1
2026-10-06,v1.9.0,AIXM-Code-Converter.html,1
2026-10-06,v1.9.0,AIXM-Code-Converter.zip,1
2026-10-06,v1.9.0,SHA256SUMS.txt,1
2026-10-06,v1.9.1,AIXM-Code-Converter.html,1
2026-10-06,v1.9.1,AIXM-Code-Converter.zip,1
2026-10-06,v1.9.1,SHA256SUMS.txt,1
2026-10-07,v1.0.0,AIXM-Code-Converter.html,1
2026-10-07,v1.0.0,AIXM-Code-Converter.zip,0
2026-10-07,v1.1.0,AIXM-Code-Converter.html,2
2026-10-07,v1.1.0,AIXM-Code-Converter.zip,0
2026-10-07,v1.10.0,AIXM-Code-Converter.html,1
2026-10-07,v1.10.0,AIXM-Code-Converter.zip,1
2026-10-07,v1.10.0,SHA256SUMS.txt,1
2026-10-07,v1.11.0,AIXM-Code-Converter.html,1
2026-10-07,v1.11.0,AIXM-Code-Converter.zip,1
2026-10-07,v1.11.0,SHA256SUMS.txt,1
2026-10-07,v1.12.0,AIXM-Code-Converter.html,1
2026-10-07,v1.12.0,AIXM-Code-Converter.zip,1
2026-10-07,v1.12.0,SHA256SUMS.txt,1
2026-10-07,v1.12.1,AIXM-Code-Converter.html,1
2026-10-07,v1.12.1,AIXM-Code-Converter.zip,1
2026-10-07,v1.12.1,SHA256SUMS.txt,1
2026-10-07,v1.13.0,AIXM-Code-Converter.html,2
2026-10-07,v1.13.0,AIXM-Code-Converter.zip,2
2026-10-07,v1.13.0,SHA256SUMS.txt,2
2026-10-07,v1.14.0,AIXM-Code-Converter.html,1
2026-10-07,v1.14.0,AIXM-Code-Converter.zip,0
2026-10-07,v1.14.0,SHA256SUMS.txt,1
2026-10-07,v1.16.0,AIXM-Code-Converter.html,1
2026-10-07,v1.16.0,AIXM-Code-Converter.zip,1
2026-10-07,v1.16.0,SHA256SUMS.txt,1
2026-10-07,v1.18.0,AIXM-Code-Converter.html,1
2026-10-07,v1.18.0,AIXM-Code-Converter.zip,1
2026-10-07,v1.18.0,SHA256SUMS.txt,1
2026-10-07,v1.18.1,AIXM-Code-Converter.html,1
2026-10-07,v1.18.1,AIXM-Code-Converter.zip,1
2026-10-07,v1.18.1,SHA256SUMS.txt,1
2026-10-07,v1.19.0,AIXM-Code-Converter.html,1
2026-10-07,v1.19.0,AIXM-Code-Converter.zip,1
2026-10-07,v1.19.0,SHA256SUMS.txt,1
2026-10-07,v1.2.0,AIXM-Code-Converter.html,26
2026-10-07,v1.2.0,AIXM-Code-Converter.zip,0
2026-10-07,v1.2.1,AIXM-Code-Converter.html,2
2026-10-07,v1.2.1,AIXM-Code-Converter.zip,0
2026-10-07,v1.20.0,AIXM-Code-Converter.html,1
2026-10-07,v1.20.0,AIXM-Code-Converter.zip,1
2026-10-07,v1.20.0,SHA256SUMS.txt,1
2026-10-07,v1.21.0,AIXM-Code-Converter.html,1
2026-10-07,v1.21.0,AIXM-Code-Converter.zip,1
2026-10-07,v1.21.0,SHA256SUMS.txt,1
2026-10-07,v1.22.0,AIXM-Code-Converter.html,2
2026-10-07,v1.22.0,AIXM-Code-Converter.zip,1
2026-10-07,v1.22.0,SHA256SUMS.txt,1
2026-10-07,v1.23.0,AIXM-Code-Converter.html,1
2026-10-07,v1.23.0,AIXM-Code-Converter.zip,1
2026-10-07,v1.23.0,SHA256SUMS.txt,1
2026-10-07,v1.24.0,AIXM-Code-Converter.html,1
2026-10-07,v1.24.0,AIXM-Code-Converter.zip,1
2026-10-07,v1.24.0,SHA256SUMS.txt,1
2026-10-07,v1.25.0,AIXM-Code-Converter.html,1
2026-10-07,v1.25.0,AIXM-Code-Converter.zip,1
2026-10-07,v1.25.0,SHA256SUMS.txt,1
2026-10-07,v1.3.0,AIXM-Code-Converter.html,0
2026-10-07,v1.3.0,AIXM-Code-Converter.zip,0
2026-10-07,v1.3.0,SHA256SUMS.txt,0
2026-10-07,v1.3.1,AIXM-Code-Converter.html,0
2026-10-07,v1.3.1,AIXM-Code-Converter.zip,0
2026-10-07,v1.3.1,SHA256SUMS.txt,0
2026-10-07,v1.4.0,AIXM-Code-Converter.html,0
2026-10-07,v1.4.0,AIXM-Code-Converter.zip,0
2026-10-07,v1.4.0,SHA256SUMS.txt,0
2026-10-07,v1.4.1,AIXM-Code-Converter.html,3
2026-10-07,v1.4.1,AIXM-Code-Converter.zip,0
2026-10-07,v1.4.1,SHA256SUMS.txt,0
2026-10-07,v1.5.0,AIXM-Code-Converter.html,0
2026-10-07,v1.5.0,AIXM-Code-Converter.zip,0
2026-10-07,v1.5.0,SHA256SUMS.txt,0
2026-10-07,v1.6.0,AIXM-Code-Converter.html,1
2026-10-07,v1.6.0,AIXM-Code-Converter.zip,1
2026-10-07,v1.6.0,SHA256SUMS.txt,1
2026-10-07,v1.7.0,AIXM-Code-Converter.html,11
2026-10-07,v1.7.0,AIXM-Code-Converter.zip,1
2026-10-07,v1.7.0,SHA256SUMS.txt,1
2026-10-07,v1.7.1,AIXM-Code-Converter.html,1
2026-10-07,v1.7.1,AIXM-Code-Converter.zip,1
2026-10-07,v1.7.1,SHA256SUMS.txt,1
2026-10-07,v1.8.0,AIXM-Code-Converter.html,1
2026-10-07,v1.8.0,AIXM-Code-Converter.zip,1
2026-10-07,v1.8.0,SHA256SUMS.txt,1
2026-10-07,v1.9.0,AIXM-Code-Converter.html,1
2026-10-07,v1.9.0,AIXM-Code-Converter.zip,1
2026-10-07,v1.9.0,SHA256SUMS.txt,1
2026-10-07,v1.9.1,AIXM-Code-Converter.html,1
2026-10-07,v1.9.1,AIXM-Code-Converter.zip,1
2026-10-07,v1.9.1,SHA256SUMS.txt,1
2026-10-08,v1.0.0,AIXM-Code-Converter.html,1
2026-10-08,v1.0.0,AIXM-Code-Converter.zip,0
2026-10-08,v1.1.0,AIXM-Code-Converter.html,2
2026-10-08,v1.1.0,AIXM-Code-Converter.zip,0
2026-10-08,v1.10.0,AIXM-Code-Converter.html,1
2026-10-08,v1.10.0,AIXM-Code-Converter.zip,1
2026-10-08,v1.10.0,SHA256SUMS.txt,1
2026-10-08,v1.11.0,AIXM-Code-Converter.html,1
2026-10-08,v1.11.0,AIXM-Code-Converter.zip,1
2026-10-08,v1.11.0,SHA256SUMS.txt,1
2026-10-08,v1.12.0,AIXM-Code-Converter.html,1
2026-10-08,v1.12.0,AIXM-Code-Converter.zip,1
2026-10-08,v1.12.0,SHA256SUMS.txt,1
2026-10-08,v1.12.1,AIXM-Code-Converter.html,1
2026-10-08,v1.12.1,AIXM-Code-Converter.zip,1
2026-10-08,v1.12.1,SHA256SUMS.txt,1
2026-10-08,v1.13.0,AIXM-Code-Converter.html,2
2026-10-08,v1.13.0,AIXM-Code-Converter.zip,2
2026-10-08,v1.13.0,SHA256SUMS.txt,2
2026-10-08,v1.14.0,AIXM-Code-Converter.html,1
2026-10-08,v1.14.0,AIXM-Code-Converter.zip,0
2026-10-08,v1.14.0,SHA256SUMS.txt,1
2026-10-08,v1.16.0,AIXM-Code-Converter.html,1
2026-10-08,v1.16.0,AIXM-Code-Converter.zip,1
2026-10-08,v1.16.0,SHA256SUMS.txt,1
2026-10-08,v1.18.0,AIXM-Code-Converter.html,1
2026-10-08,v1.18.0,AIXM-Code-Converter.zip,1
2026-10-08,v1.18.0,SHA256SUMS.txt,1
2026-10-08,v1.18.1,AIXM-Code-Converter.html,1
2026-10-08,v1.18.1,AIXM-Code-Converter.zip,1
2026-10-08,v1.18.1,SHA256SUMS.txt,1
2026-10-08,v1.19.0,AIXM-Code-Converter.html,1
2026-10-08,v1.19.0,AIXM-Code-Converter.zip,1
2026-10-08,v1.19.0,SHA256SUMS.txt,1
2026-10-08,v1.2.0,AIXM-Code-Converter.html,26
2026-10-08,v1.2.0,AIXM-Code-Converter.zip,0
2026-10-08,v1.2.1,AIXM-Code-Converter.html,2
2026-10-08,v1.2.1,AIXM-Code-Converter.zip,0
2026-10-08,v1.20.0,AIXM-Code-Converter.html,1
2026-10-08,v1.20.0,AIXM-Code-Converter.zip,1
2026-10-08,v1.20.0,SHA256SUMS.txt,1
2026-10-08,v1.21.0,AIXM-Code-Converter.html,1
2026-10-08,v1.21.0,AIXM-Code-Converter.zip,1
2026-10-08,v1.21.0,SHA256SUMS.txt,1
2026-10-08,v1.22.0,AIXM-Code-Converter.html,2
2026-10-08,v1.22.0,AIXM-Code-Converter.zip,1
2026-10-08,v1.22.0,SHA256SUMS.txt,1
2026-10-08,v1.23.0,AIXM-Code-Converter.html,1
2026-10-08,v1.23.0,AIXM-Code-Converter.zip,1
2026-10-08,v1.23.0,SHA256SUMS.txt,1
2026-10-08,v1.24.0,AIXM-Code-Converter.html,1
2026-10-08,v1.24.0,AIXM-Code-Converter.zip,1
2026-10-08,v1.24.0,SHA256SUMS.txt,1
2026-10-08,v1.25.0,AIXM-Code-Converter.html,2
2026-10-08,v1.25.0,AIXM-Code-Converter.zip,1
2026-10-08,v1.25.0,SHA256SUMS.txt,1
2026-10-08,v1.3.0,AIXM-Code-Converter.html,0
2026-10-08,v1.3.0,AIXM-Code-Converter.zip,0
2026-10-08,v1.3.0,SHA256SUMS.txt,0
2026-10-08,v1.3.1,AIXM-Code-Converter.html,0
2026-10-08,v1.3.1,AIXM-Code-Converter.zip,0
2026-10-08,v1.3.1,SHA256SUMS.txt,0
2026-10-08,v1.4.0,AIXM-Code-Converter.html,0
2026-10-08,v1.4.0,AIXM-Code-Converter.zip,0
2026-10-08,v1.4.0,SHA256SUMS.txt,0
2026-10-08,v1.4.1,AIXM-Code-Converter.html,3
2026-10-08,v1.4.1,AIXM-Code-Converter.zip,0
2026-10-08,v1.4.1,SHA256SUMS.txt,0
2026-10-08,v1.5.0,AIXM-Code-Converter.html,0
2026-10-08,v1.5.0,AIXM-Code-Converter.zip,0
2026-10-08,v1.5.0,SHA256SUMS.txt,0
2026-10-08,v1.6.0,AIXM-Code-Converter.html,1
2026-10-08,v1.6.0,AIXM-Code-Converter.zip,1
2026-10-08,v1.6.0,SHA256SUMS.txt,1
2026-10-08,v1.7.0,AIXM-Code-Converter.html,11
2026-10-08,v1.7.0,AIXM-Code-Converter.zip,1
2026-10-08,v1.7.0,SHA256SUMS.txt,1
2026-10-08,v1.7.1,AIXM-Code-Converter.html,1
2026-10-08,v1.7.1,AIXM-Code-Converter.zip,1
2026-10-08,v1.7.1,SHA256SUMS.txt,1
2026-10-08,v1.8.0,AIXM-Code-Converter.html,1
2026-10-08,v1.8.0,AIXM-Code-Converter.zip,1
2026-10-08,v1.8.0,SHA256SUMS.txt,1
2026-10-08,v1.9.0,AIXM-Code-Converter.html,1
2026-10-08,v1.9.0,AIXM-Code-Converter.zip,1
2026-10-08,v1.9.0,SHA256SUMS.txt,1
2026-10-08,v1.9.1,AIXM-Code-Converter.html,1
2026-10-08,v1.9.1,AIXM-Code-Converter.zip,1
2026-10-08,v1.9.1,SHA256SUMS.txt,1
2026-10-09,v1.0.0,AIXM-Code-Converter.html,1
2026-10-09,v1.0.0,AIXM-Code-Converter.zip,0
2026-10-09,v1.1.0,AIXM-Code-Converter.html,2
2026-10-09,v1.1.0,AIXM-Code-Converter.zip,0
2026-10-09,v1.10.0,AIXM-Code-Converter.html,1
2026-10-09,v1.10.0,AIXM-Code-Converter.zip,1
2026-10-09,v1.10.0,SHA256SUMS.txt,1
2026-10-09,v1.11.0,AIXM-Code-Converter.html,1
2026-10-09,v1.11.0,AIXM-Code-Converter.zip,1
2026-10-09,v1.11.0,SHA256SUMS.txt,1
2026-10-09,v1.12.0,AIXM-Code-Converter.html,1
2026-10-09,v1.12.0,AIXM-Code-Converter.zip,1
2026-10-09,v1.12.0,SHA256SUMS.txt,1
2026-10-09,v1.12.1,AIXM-Code-Converter.html,1
2026-10-09,v1.12.1,AIXM-Code-Converter.zip,1
2026-10-09,v1.12.1,SHA256SUMS.txt,1
2026-10-09,v1.13.0,AIXM-Code-Converter.html,2
2026-10-09,v1.13.0,AIXM-Code-Converter.zip,2
2026-10-09,v1.13.0,SHA256SUMS.txt,2
2026-10-09,v1.14.0,AIXM-Code-Converter.html,1
2026-10-09,v1.14.0,AIXM-Code-Converter.zip,0
2026-10-09,v1.14.0,SHA256SUMS.txt,1
2026-10-09,v1.16.0,AIXM-Code-Converter.html,1
2026-10-09,v1.16.0,AIXM-Code-Converter.zip,1
2026-10-09,v1.16.0,SHA256SUMS.txt,1
2026-10-09,v1.18.0,AIXM-Code-Converter.html,1
2026-10-09,v1.18.0,AIXM-Code-Converter.zip,1
2026-10-09,v1.18.0,SHA256SUMS.txt,1
2026-10-09,v1.18.1,AIXM-Code-Converter.html,1
2026-10-09,v1.18.1,AIXM-Code-Converter.zip,1
2026-10-09,v1.18.1,SHA256SUMS.txt,1
2026-10-09,v1.19.0,AIXM-Code-Converter.html,1
2026-10-09,v1.19.0,AIXM-Code-Converter.zip,1
2026-10-09,v1.19.0,SHA256SUMS.txt,1
2026-10-09,v1.2.0,AIXM-Code-Converter.html,26
2026-10-09,v1.2.0,AIXM-Code-Converter.zip,0
2026-10-09,v1.2.1,AIXM-Code-Converter.html,2
2026-10-09,v1.2.1,AIXM-Code-Converter.zip,0
2026-10-09,v1.20.0,AIXM-Code-Converter.html,1
2026-10-09,v1.20.0,AIXM-Code-Converter.zip,1
2026-10-09,v1.20.0,SHA256SUMS.txt,1
2026-10-09,v1.21.0,AIXM-Code-Converter.html,1
2026-10-09,v1.21.0,AIXM-Code-Converter.zip,1
2026-10-09,v1.21.0,SHA256SUMS.txt,1
2026-10-09,v1.22.0,AIXM-Code-Converter.html,2
2026-10-09,v1.22.0,AIXM-Code-Converter.zip,1
2026-10-09,v1.22.0,SHA256SUMS.txt,1
2026-10-09,v1.23.0,AIXM-Code-Converter.html,1
2026-10-09,v1.23.0,AIXM-Code-Converter.zip,1
2026-10-09,v1.23.0,SHA256SUMS.txt,1
2026-10-09,v1.24.0,AIXM-Code-Converter.html,1
2026-10-09,v1.24.0,AIXM-Code-Converter.zip,1
2026-10-09,v1.24.0,SHA256SUMS.txt,1
2026-10-09,v1.25.0,AIXM-Code-Converter.html,2
2026-10-09,v1.25.0,AIXM-Code-Converter.zip,1
2026-10-09,v1.25.0,SHA256SUMS.txt,1
2026-10-09,v1.3.0,AIXM-Code-Converter.html,0
2026-10-09,v1.3.0,AIXM-Code-Converter.zip,0
2026-10-09,v1.3.0,SHA256SUMS.txt,0
2026-10-09,v1.3.1,AIXM-Code-Converter.html,0
2026-10-09,v1.3.1,AIXM-Code-Converter.zip,0
2026-10-09,v1.3.1,SHA256SUMS.txt,0
2026-10-09,v1.4.0,AIXM-Code-Converter.html,0
2026-10-09,v1.4.0,AIXM-Code-Converter.zip,0
2026-10-09,v1.4.0,SHA256SUMS.txt,0
2026-10-09,v1.4.1,AIXM-Code-Converter.html,3
2026-10-09,v1.4.1,AIXM-Code-Converter.zip,0
2026-10-09,v1.4.1,SHA256SUMS.txt,0
2026-10-09,v1.5.0,AIXM-Code-Converter.html,0
2026-10-09,v1.5.0,AIXM-Code-Converter.zip,0
2026-10-09,v1.5.0,SHA256SUMS.txt,0
2026-10-09,v1.6.0,AIXM-Code-Converter.html,1
2026-10-09,v1.6.0,AIXM-Code-Converter.zip,1
2026-10-09,v1.6.0,SHA256SUMS.txt,1
2026-10-09,v1.7.0,AIXM-Code-Converter.html,11
2026-10-09,v1.7.0,AIXM-Code-Converter.zip,1
2026-10-09,v1.7.0,SHA256SUMS.txt,1
2026-10-09,v1.7.1,AIXM-Code-Converter.html,1
2026-10-09,v1.7.1,AIXM-Code-Converter.zip,1
2026-10-09,v1.7.1,SHA256SUMS.txt,1
2026-10-09,v1.8.0,AIXM-Code-Converter.html,1
2026-10-09,v1.8.0,AIXM-Code-Converter.zip,1
2026-10-09,v1.8.0,SHA256SUMS.txt,1
2026-10-09,v1.9.0,AIXM-Code-Converter.html,1
2026-10-09,v1.9.0,AIXM-Code-Converter.zip,1
2026-10-09,v1.9.0,SHA256SUMS.txt,1
2026-10-09,v1.9.1,AIXM-Code-Converter.html,1
2026-10-09,v1.9.1,AIXM-Code-Converter.zip,1
2026-10-09,v1.9.1,SHA256SUMS.txt,1
